"Date","Time","Platform","Type","Media_URLs","Caption","First_Comment"
"2026-06-10","19:00","instagram","carousel","https://raw.githubusercontent.com/embatah-svg/bstudio-content/main/instagram/2026-06-08_tag01/_export/post-tag01-carousel-slide01.png | https://raw.githubusercontent.com/embatah-svg/bstudio-content/main/instagram/2026-06-08_tag01/_export/post-tag01-carousel-slide02.png | https://raw.githubusercontent.com/embatah-svg/bstudio-content/main/instagram/2026-06-08_tag01/_export/post-tag01-carousel-slide03.png | https://raw.githubusercontent.com/embatah-svg/bstudio-content/main/instagram/2026-06-08_tag01/_export/post-tag01-carousel-slide04.png | https://raw.githubusercontent.com/embatah-svg/bstudio-content/main/instagram/2026-06-08_tag01/_export/post-tag01-carousel-slide05.png | https://raw.githubusercontent.com/embatah-svg/bstudio-content/main/instagram/2026-06-08_tag01/_export/post-tag01-carousel-slide06.png | https://raw.githubusercontent.com/embatah-svg/bstudio-content/main/instagram/2026-06-08_tag01/_export/post-tag01-carousel-slide07.png","Dein Logo ist das Erste, was ein Kunde sieht — und in 0,2 Sekunden entscheidet sein Bauch: „wirkt teuer"" oder „wirkt billig"". 🪙

Diese 3 Fehler machen fast alle KMU: 1) zu viele Schriften 2) Effekte aus 2008 3) kein Weissraum.

Welchen machst du gerade? 👇 Kommentier CHECK und ich schicke dir eine ehrliche 3-Punkte-Analyse deines Logos — gratis.

#logodesign #branding #kmuschweiz #webdesign #balsthal #solothurn #grafikdesign #markenaufbau","Kommentier CHECK 👇 und ich schicke dir die ehrliche Logo-Analyse (gratis, kein Verkaufsgespräch) 🪙"
"2026-06-11","19:00","instagram","carousel","https://raw.githubusercontent.com/embatah-svg/bstudio-content/main/instagram/2026-06-09_tag02/_export/post-tag02-carousel-slide01.png | https://raw.githubusercontent.com/embatah-svg/bstudio-content/main/instagram/2026-06-09_tag02/_export/post-tag02-carousel-slide02.png | https://raw.githubusercontent.com/embatah-svg/bstudio-content/main/instagram/2026-06-09_tag02/_export/post-tag02-carousel-slide03.png | https://raw.githubusercontent.com/embatah-svg/bstudio-content/main/instagram/2026-06-09_tag02/_export/post-tag02-carousel-slide04.png | https://raw.githubusercontent.com/embatah-svg/bstudio-content/main/instagram/2026-06-09_tag02/_export/post-tag02-carousel-slide05.png","5 Sekunden. So lange braucht ein Besucher, um zu entscheiden ob er bleibt — oder dein Konkurrent gewinnt. ⏱️

Mach den Test: Startseite öffnen, 5 Sek zählen, Augen zu. Weisst du noch was du anbietest, für wen, und was du tun sollst?

Kommentier WEBCHECK 👇 ich mach den Test live für deine Website.

#webdesign #website #kmuschweiz #balsthal #solothurn #ux #conversion #onlinemarketing","Kommentier WEBCHECK 👇 ich mach den 5-Sekunden-Test live für deine Seite ⏱️"
"2026-06-12","19:00","instagram","carousel","https://raw.githubusercontent.com/embatah-svg/bstudio-content/main/instagram/2026-06-10_tag03/_export/post-tag03-carousel-slide01.png | https://raw.githubusercontent.com/embatah-svg/bstudio-content/main/instagram/2026-06-10_tag03/_export/post-tag03-carousel-slide02.png | https://raw.githubusercontent.com/embatah-svg/bstudio-content/main/instagram/2026-06-10_tag03/_export/post-tag03-carousel-slide03.png | https://raw.githubusercontent.com/embatah-svg/bstudio-content/main/instagram/2026-06-10_tag03/_export/post-tag03-carousel-slide04.png | https://raw.githubusercontent.com/embatah-svg/bstudio-content/main/instagram/2026-06-10_tag03/_export/post-tag03-carousel-slide05.png | https://raw.githubusercontent.com/embatah-svg/bstudio-content/main/instagram/2026-06-10_tag03/_export/post-tag03-carousel-slide06.png","Ein Logo ist ein Bild. Ein Brand ist ein Gefühl. 🪙

Das Canva-Logo erledigt den Job für 5 Minuten. Ein echtes Brand arbeitet jeden Tag für dich — und macht dich wiedererkennbar. Wiedererkennung ist der kürzeste Weg zu Vertrauen.

Hast du ein Logo oder ein Brand? Kommentier CHECK 👇

#branding #logodesign #canva #kmuschweiz #markenaufbau #balsthal #solothurn #corporatedesign","Kommentier CHECK 👇 Logo oder Brand? Ich sag dir's ehrlich 🪙"
"2026-06-13","19:00","instagram","carousel","https://raw.githubusercontent.com/embatah-svg/bstudio-content/main/instagram/2026-06-11_tag04/_export/post-tag04-single.png","Deine Website ist kein Eimer mit einem Loch — sie hat vier. 🪣

1) Oben fehlt der klare Satz „was du tust"" 2) Mobile ist fummelig 3) sie lädt zu langsam 4) der Kontakt-Button ist versteckt.

Welches Loch hast du? Kommentier WEBCHECK 👇 ich sag dir den schnellsten Fix.

#webdesign #website #conversion #kmuschweiz #balsthal #solothurn #mobilefirst #ux","Kommentier WEBCHECK 👇 ich schau mir deine Seite an und nenne dir den schnellsten Fix 🪣"
"2026-06-14","19:00","instagram","carousel","https://raw.githubusercontent.com/embatah-svg/bstudio-content/main/instagram/2026-06-12_tag05/_export/post-tag05-carousel-slide01.png | https://raw.githubusercontent.com/embatah-svg/bstudio-content/main/instagram/2026-06-12_tag05/_export/post-tag05-carousel-slide02.png | https://raw.githubusercontent.com/embatah-svg/bstudio-content/main/instagram/2026-06-12_tag05/_export/post-tag05-carousel-slide03.png | https://raw.githubusercontent.com/embatah-svg/bstudio-content/main/instagram/2026-06-12_tag05/_export/post-tag05-carousel-slide04.png","Luxusmarken benutzen fast nie reines Schwarz oder reines Weiss. 🪙

Reines #000 und #FFF wirken hart und billig. Warmes Off-Black (#0A0908) und Cremeweiss (#F0ECD8) wirken sofort teuer — du änderst nur zwei Werte.

Speicher dir das 🔖 Kommentier TIPP für meine 5 „teuren"" Farbcodes.

#designtipps #branding #farben #kmuschweiz #grafikdesign #balsthal #colorpalette #markenaufbau","Kommentier TIPP 👇 ich schick dir meine 5 Luxus-Farbcodes als Bild zum Speichern 🔖"
"2026-06-15","19:00","instagram","carousel","https://raw.githubusercontent.com/embatah-svg/bstudio-content/main/instagram/2026-06-13_tag06/_export/post-tag06-carousel-slide01.png | https://raw.githubusercontent.com/embatah-svg/bstudio-content/main/instagram/2026-06-13_tag06/_export/post-tag06-carousel-slide02.png | https://raw.githubusercontent.com/embatah-svg/bstudio-content/main/instagram/2026-06-13_tag06/_export/post-tag06-carousel-slide03.png | https://raw.githubusercontent.com/embatah-svg/bstudio-content/main/instagram/2026-06-13_tag06/_export/post-tag06-carousel-slide04.png | https://raw.githubusercontent.com/embatah-svg/bstudio-content/main/instagram/2026-06-13_tag06/_export/post-tag06-carousel-slide05.png | https://raw.githubusercontent.com/embatah-svg/bstudio-content/main/instagram/2026-06-13_tag06/_export/post-tag06-carousel-slide06.png","„Die günstige Website kostet doch nichts."" — Doch. Sie kostet dich die Kunden, die du nicht bekommst. 🪙

Baukasten vs. Custom ist nicht teuer vs. billig. Es ist gemietet vs. dir gehörend. Und schon 1 verlorener Auftrag im Monat zahlt eine richtige Website.

Reicht bei dir ein Baukasten? Kommentier WEBCHECK 👇 ehrliche Antwort.

#webdesign #website #wix #kmuschweiz #balsthal #solothurn #conversion #onlinemarketing","Kommentier WEBCHECK 👇 Baukasten oder Custom? Ich sag dir's ehrlich (auch wenn „reicht"") 🪙"
"2026-06-16","19:00","instagram","carousel","https://raw.githubusercontent.com/embatah-svg/bstudio-content/main/instagram/2026-06-14_tag07/_export/post-tag07-carousel-slide01.png | https://raw.githubusercontent.com/embatah-svg/bstudio-content/main/instagram/2026-06-14_tag07/_export/post-tag07-carousel-slide02.png | https://raw.githubusercontent.com/embatah-svg/bstudio-content/main/instagram/2026-06-14_tag07/_export/post-tag07-carousel-slide03.png | https://raw.githubusercontent.com/embatah-svg/bstudio-content/main/instagram/2026-06-14_tag07/_export/post-tag07-carousel-slide04.png | https://raw.githubusercontent.com/embatah-svg/bstudio-content/main/instagram/2026-06-14_tag07/_export/post-tag07-carousel-slide05.png","Gleiche Firma. Gleiche Leute. Gleiches Können. Nur der Auftritt ist neu — und plötzlich wirkt alles eine Liga höher. 🪙

Das ist der Punkt von Branding: du änderst nicht dein Geschäft, du zeigst endlich wie gut es wirklich ist.

2 Plätze diesen Monat. Willst du dein Vorher/Nachher? Kommentier VORHER 👇

#vorhernachher #branding #rebrand #webdesign #kmuschweiz #balsthal #solothurn #transformation","Kommentier VORHER 👇 ich zeig dir das ganze Set + wie wir's gemacht haben (2 Plätze frei) ✦"